patientCode,testCode,value,unit,observationTime
P001,GLUCOSE,102,mg/dL,2026-09-26T09:30:00
P001,HEMOGLOBIN,13.8,g/dL,2026-09-26T09:30:00
P001,CREATININE,0.9,mg/dL,2026-09-26T09:30:00
P001,POTASSIUM,4.2,mmol/L,2026-09-26T09:30:00
P001,WBC,7.2,10^3/uL,2026-09-26T09:30:00
P002,GLUCOSE,50,mg/dL,2026-09-26T10:00:00
P002,HEMOGLOBIN,11.2,g/dL,2026-09-26T10:00:00
P002,POTASSIUM,6.5,mmol/L,2026-09-26T10:00:00
P003,GLUC,5.2,mmol/L,2026-09-26T10:15:00
P003,HGB,145,g/L,2026-09-26T10:15:00
P003,CHOL,215,mg/dL,2026-09-26T10:15:00
